equipo,foto,nombe,dorsal,idPlayer,team_code
HESTIA MENORCA,https://imagenes.feb.es/Foto.aspx?c=1676845,Diego Alderete Diaz,12,1676845,950650
HESTIA MENORCA,https://imagenes.feb.es/Foto.aspx?c=1382456,Victor Jesus Arteaga Gonzalez,77,1382456,950650
HESTIA MENORCA,https://imagenes.feb.es/Foto.aspx?c=2785180,Jalen Christopher Cone,-,2785180,950650
HESTIA MENORCA,https://imagenes.feb.es/Foto.aspx?c=2371571,Jordan Deangelo Davis,-,2371571,950650
HESTIA MENORCA,https://imagenes.feb.es/Foto.aspx?c=1759354,Golden Nnaemeka Dike Egun,10,1759354,950650
HESTIA MENORCA,https://imagenes.feb.es/Foto.aspx?c=1496030,Pol Figueras Lopez,7,1496030,950650
HESTIA MENORCA,https://imagenes.feb.es/Foto.aspx?c=2003549,Jose David Gomez Gomez,8,2003549,950650
HESTIA MENORCA,https://imagenes.feb.es/Foto.aspx?c=1381662,Sergio Antonio Llorente Paz,-,1381662,950650
HESTIA MENORCA,https://imagenes.feb.es/Foto.aspx?c=2735842,Marko Lukovic,33,2735842,950650
HESTIA MENORCA,https://imagenes.feb.es/Foto.aspx?c=2781800,Sean William Mc Donnell,-,2781800,950650
HESTIA MENORCA,https://imagenes.feb.es/Foto.aspx?c=1784407,Pol Molins Calderon,15,1784407,950650
GRUPO URETA TIZONA BURGOS,https://imagenes.feb.es/Foto.aspx?c=2325671,Ayoze Alonso Ruiz,60,2325671,950726
GRUPO URETA TIZONA BURGOS,https://imagenes.feb.es/Foto.aspx?c=2644143,Caio De Souza Pacheco,9,2644143,950726
GRUPO URETA TIZONA BURGOS,https://imagenes.feb.es/Foto.aspx?c=1541543,Jacobo Diaz Alejano,50,1541543,950726
GRUPO URETA TIZONA BURGOS,https://imagenes.feb.es/Foto.aspx?c=2734726,Lance Jalen Jones,55,2734726,950726
GRUPO URETA TIZONA BURGOS,https://imagenes.feb.es/Foto.aspx?c=1938697,Jaume Lobo Martorell,3,1938697,950726
GRUPO URETA TIZONA BURGOS,https://imagenes.feb.es/Foto.aspx?c=1958225,Jordi Rodriguez Stegemeijer,1,1958225,950726
GRUPO URETA TIZONA BURGOS,https://imagenes.feb.es/Foto.aspx?c=1625687,Rodrigo Seoane Rodicio,35,1625687,950726
GRUPO URETA TIZONA BURGOS,https://imagenes.feb.es/Foto.aspx?c=2524301,Djordje Simeunovic,29,2524301,950726
GRUPO URETA TIZONA BURGOS,https://imagenes.feb.es/Foto.aspx?c=2735006,Morayoninuoluwa Chukwuemeka Soluade,6,2735006,950726
GRUPO URETA TIZONA BURGOS,https://imagenes.feb.es/Foto.aspx?c=2164262,Abdou Thiam,44,2164262,950726
GRUPO URETA TIZONA BURGOS,https://imagenes.feb.es/Foto.aspx?c=1572466,Ramon Vila Soley,13,1572466,950726
INVEREADY GIPUZKOA,https://imagenes.feb.es/Foto.aspx?c=2082685,Manex Ansorregui Deba,10,2082685,950759
INVEREADY GIPUZKOA,https://imagenes.feb.es/Foto.aspx?c=2736767,Mateo Diaz,7,2736767,950759
INVEREADY GIPUZKOA,https://imagenes.feb.es/Foto.aspx?c=2734467,Xavier Trent Johnson,2,2734467,950759
INVEREADY GIPUZKOA,https://imagenes.feb.es/Foto.aspx?c=1432499,Ander Martinez De La Orden,13,1432499,950759
INVEREADY GIPUZKOA,https://imagenes.feb.es/Foto.aspx?c=2734268,Jakub Mokran,18,2734268,950759
INVEREADY GIPUZKOA,https://imagenes.feb.es/Foto.aspx?c=1447983,Mikel Motos Cabodevilla,-,1447983,950759
INVEREADY GIPUZKOA,https://imagenes.feb.es/Foto.aspx?c=2789772,Marinus Lucas N´Guessan,-,2789772,950759
INVEREADY GIPUZKOA,https://imagenes.feb.es/Foto.aspx?c=1988355,Javier Nicolau Aledon,12,1988355,950759
INVEREADY GIPUZKOA,https://imagenes.feb.es/Foto.aspx?c=2219810,Mads Bonde Stürup,8,2219810,950759
INVEREADY GIPUZKOA,https://imagenes.feb.es/Foto.aspx?c=2640789,Josip Vrankic,5,2640789,950759
INVEREADY GIPUZKOA,https://imagenes.feb.es/Foto.aspx?c=1749125,Aitor Zubizarreta Aranbarri,6,1749125,950759
HLA ALICANTE,https://imagenes.feb.es/Foto.aspx?c=2446631,Prince Adams Ali,-,2446631,950779
HLA ALICANTE,https://imagenes.feb.es/Foto.aspx?c=1869762,Gonzalo Bressan,12,1869762,950779
HLA ALICANTE,https://imagenes.feb.es/Foto.aspx?c=2557720,Marcos Garcia Rosello,-,2557720,950779
HLA ALICANTE,https://imagenes.feb.es/Foto.aspx?c=2785807,Mindaugas Kacinas,-,2785807,950779
HLA ALICANTE,https://imagenes.feb.es/Foto.aspx?c=2734617,Jordan James King,2,2734617,950779
HLA ALICANTE,https://imagenes.feb.es/Foto.aspx?c=2433482,Kevin Ricki Larsen,21,2433482,950779
HLA ALICANTE,https://imagenes.feb.es/Foto.aspx?c=1124596,Alejandro Lopez Laz,25,1124596,950779
HLA ALICANTE,https://imagenes.feb.es/Foto.aspx?c=2734637,Roger Duclos Bertin Moute A Bidias,11,2734637,950779
HLA ALICANTE,https://imagenes.feb.es/Foto.aspx?c=2734619,Jean Marc Mwema,8,2734619,950779
HLA ALICANTE,https://imagenes.feb.es/Foto.aspx?c=1957913,Adria Rodriguez Juan,13,1957913,950779
HLA ALICANTE,https://imagenes.feb.es/Foto.aspx?c=1535344,Ignacio Rosa Pompido,-,1535344,950779
HLA ALICANTE,https://imagenes.feb.es/Foto.aspx?c=2188694,Bolong Zheng,1,2188694,950779
CAJA RURAL CB ZAMORA,https://imagenes.feb.es/Foto.aspx?c=2432572,Kevin Buckingham,6,2432572,950810
CAJA RURAL CB ZAMORA,https://imagenes.feb.es/Foto.aspx?c=2678649,Ondrej Hanzlik,3,2678649,950810
CAJA RURAL CB ZAMORA,https://imagenes.feb.es/Foto.aspx?c=2492574,Zaid Christopher Hearst Okpalannaka,13,2492574,950810
CAJA RURAL CB ZAMORA,https://imagenes.feb.es/Foto.aspx?c=2333323,Ondrej Hustak,-,2333323,950810
CAJA RURAL CB ZAMORA,https://imagenes.feb.es/Foto.aspx?c=2432888,Omar Kabir Lo,87,2432888,950810
CAJA RURAL CB ZAMORA,https://imagenes.feb.es/Foto.aspx?c=1947677,Toni Naspler Peraire,12,1947677,950810
CAJA RURAL CB ZAMORA,https://imagenes.feb.es/Foto.aspx?c=2736301,Kresimir Nikic,5,2736301,950810
CAJA RURAL CB ZAMORA,https://imagenes.feb.es/Foto.aspx?c=2334516,Jahvaughn Everald Powell,11,2334516,950810
CAJA RURAL CB ZAMORA,https://imagenes.feb.es/Foto.aspx?c=2335424,Jacob Nathaniel Round,7,2335424,950810
CAJA RURAL CB ZAMORA,https://imagenes.feb.es/Foto.aspx?c=2325135,Junior Saintel,80,2325135,950810
CAJA RURAL CB ZAMORA,https://imagenes.feb.es/Foto.aspx?c=2312124,Souleymane Pinda Traore,21,2312124,950810
CAJA RURAL CB ZAMORA,https://imagenes.feb.es/Foto.aspx?c=2736303,Jordan Anthony Michael Walker,10,2736303,950810
GRUPO ALEGA CANTABRIA,https://imagenes.feb.es/Foto.aspx?c=2533643,Hansel Gyovanny Atencia Suarez,-,2533643,950871
GRUPO ALEGA CANTABRIA,https://imagenes.feb.es/Foto.aspx?c=1890104,Judicael Romaric Belemene Dzabatou,35,1890104,950871
GRUPO ALEGA CANTABRIA,https://imagenes.feb.es/Foto.aspx?c=2334896,Kevin Richard Bercy,-,2334896,950871
GRUPO ALEGA CANTABRIA,https://imagenes.feb.es/Foto.aspx?c=2158313,Mirza Bulic,7,2158313,950871
GRUPO ALEGA CANTABRIA,https://imagenes.feb.es/Foto.aspx?c=2734677,Bennet Hundt,33,2734677,950871
GRUPO ALEGA CANTABRIA,https://imagenes.feb.es/Foto.aspx?c=2274998,Reginald Johnson Jr,-,2274998,950871
GRUPO ALEGA CANTABRIA,https://imagenes.feb.es/Foto.aspx?c=2446696,Garmine Kande Kieli,34,2446696,950871
GRUPO ALEGA CANTABRIA,https://imagenes.feb.es/Foto.aspx?c=2650859,Spencer Phillip Littleson,5,2650859,950871
GRUPO ALEGA CANTABRIA,https://imagenes.feb.es/Foto.aspx?c=1821694,German Martinez Diaz,9,1821694,950871
GRUPO ALEGA CANTABRIA,https://imagenes.feb.es/Foto.aspx?c=1989656,Pablo Rodrigo Fernandez De Heredia,-,1989656,950871
GRUPO ALEGA CANTABRIA,https://imagenes.feb.es/Foto.aspx?c=1007257,Javier Vega Merayo,10,1007257,950871
GRUPO ALEGA CANTABRIA,https://imagenes.feb.es/Foto.aspx?c=2650877,Vladyslav Voytso,3,2650877,950871
REAL BETIS BALONCESTO,https://imagenes.feb.es/Foto.aspx?c=2157874,Vitor Alves Benite,8,2157874,950951
REAL BETIS BALONCESTO,https://imagenes.feb.es/Foto.aspx?c=2734562,Aleksandar Cvetkovic,4,2734562,950951
REAL BETIS BALONCESTO,https://imagenes.feb.es/Foto.aspx?c=2703151,Brooks Lourdeaux De Bisschop,22,2703151,950951
REAL BETIS BALONCESTO,https://imagenes.feb.es/Foto.aspx?c=2433147,Mark Anthony Hughes,3,2433147,950951
REAL BETIS BALONCESTO,https://imagenes.feb.es/Foto.aspx?c=1594835,David Jelinek,25,1594835,950951
REAL BETIS BALONCESTO,https://imagenes.feb.es/Foto.aspx?c=2612621,Jonathan Kasibabu Shilala,13,2612621,950951
REAL BETIS BALONCESTO,https://imagenes.feb.es/Foto.aspx?c=1873981,Ruben Lopez De La Torre Sanchez,16,1873981,950951
REAL BETIS BALONCESTO,https://imagenes.feb.es/Foto.aspx?c=2791828,Babatunde Edward Olumuyiwa,-,2791828,950951
REAL BETIS BALONCESTO,https://imagenes.feb.es/Foto.aspx?c=2070283,Dino Radoncic,88,2070283,950951
REAL BETIS BALONCESTO,https://imagenes.feb.es/Foto.aspx?c=2236015,Gregory Alexander Renfroe,32,2236015,950951
REAL BETIS BALONCESTO,https://imagenes.feb.es/Foto.aspx?c=1322114,Alejandro Suárez Castro,93,1322114,950951
ODILO FC CARTAGENA CB,https://imagenes.feb.es/Foto.aspx?c=2560959,Javier Balastegui Martinez,-,2560959,951078
ODILO FC CARTAGENA CB,https://imagenes.feb.es/Foto.aspx?c=1394852,Gerard Blat Baeza,4,1394852,951078
ODILO FC CARTAGENA CB,https://imagenes.feb.es/Foto.aspx?c=1611783,Alberto Cabrera Garrancho,3,1611783,951078
ODILO FC CARTAGENA CB,https://imagenes.feb.es/Foto.aspx?c=1923881,Adria Domenech Fontana,-,1923881,951078
ODILO FC CARTAGENA CB,https://imagenes.feb.es/Foto.aspx?c=2159336,Ab Sediq Garuba Alari,2,2159336,951078
ODILO FC CARTAGENA CB,https://imagenes.feb.es/Foto.aspx?c=1808439,Gabriel Gil Garcia,10,1808439,951078
ODILO FC CARTAGENA CB,https://imagenes.feb.es/Foto.aspx?c=2094445,Asier González Pérez,1,2094445,951078
ODILO FC CARTAGENA CB,https://imagenes.feb.es/Foto.aspx?c=2735658,Calvin Alexander Roden Hermanson,24,2735658,951078
ODILO FC CARTAGENA CB,https://imagenes.feb.es/Foto.aspx?c=1676991,Alejandro Jorda Rodriguez,21,1676991,951078
ODILO FC CARTAGENA CB,https://imagenes.feb.es/Foto.aspx?c=1384223,Alberto Martin Marin,5,1384223,951078
ODILO FC CARTAGENA CB,https://imagenes.feb.es/Foto.aspx?c=1210759,Jordan Alexander Rogers Garcia,11,1210759,951078
ODILO FC CARTAGENA CB,https://imagenes.feb.es/Foto.aspx?c=2738742,Stephen Chukwuemeka Ugochukwu,31,2738742,951078
ODILO FC CARTAGENA CB,https://imagenes.feb.es/Foto.aspx?c=2616999,Dylan Lucién Van Eick,7,2616999,951078
FLEXICAR FUENLABRADA,https://imagenes.feb.es/Foto.aspx?c=92121,Tomas Bellas Garcia,7,92121,951321
FLEXICAR FUENLABRADA,https://imagenes.feb.es/Foto.aspx?c=1680859,Jorge Alain Bilbao Torrontegui,9,1680859,951321
FLEXICAR FUENLABRADA,https://imagenes.feb.es/Foto.aspx?c=1382710,Ivan Cruz Uceda,33,1382710,951321
FLEXICAR FUENLABRADA,https://imagenes.feb.es/Foto.aspx?c=2335633,John Andrew Dee,1,2335633,951321
FLEXICAR FUENLABRADA,https://imagenes.feb.es/Foto.aspx?c=1285645,Eduardo Duran Ruiz,16,1285645,951321
FLEXICAR FUENLABRADA,https://imagenes.feb.es/Foto.aspx?c=2027826,Osvaldas Matulionis,3,2027826,951321
FLEXICAR FUENLABRADA,https://imagenes.feb.es/Foto.aspx?c=2533052,Tanner Bryce Mc Grew,15,2533052,951321
FLEXICAR FUENLABRADA,https://imagenes.feb.es/Foto.aspx?c=2734244,Travis Trayvon Munnings,22,2734244,951321
FLEXICAR FUENLABRADA,https://imagenes.feb.es/Foto.aspx?c=2648543,Lotanna Afam Nwogbo,24,2648543,951321
FLEXICAR FUENLABRADA,https://imagenes.feb.es/Foto.aspx?c=2378856,Yannick Nzosa Manzila,-,2378856,951321
FLEXICAR FUENLABRADA,https://imagenes.feb.es/Foto.aspx?c=2436780,Leo Joseph Paul Westermann,99,2436780,951321
FLEXICAR FUENLABRADA,https://imagenes.feb.es/Foto.aspx?c=2446720,Fernando Zurbriggen,5,2446720,951321
AMICS CASTELLÓ,https://imagenes.feb.es/Foto.aspx?c=2274861,Arnaud William Adala Moto,4,2274861,951360
AMICS CASTELLÓ,https://imagenes.feb.es/Foto.aspx?c=1794663,Guillem Arcos Gonzalez,7,1794663,951360
AMICS CASTELLÓ,https://imagenes.feb.es/Foto.aspx?c=2082696,Aitor Etxeguren Gonzalez,16,2082696,951360
AMICS CASTELLÓ,https://imagenes.feb.es/Foto.aspx?c=273780,Joan Faner Catala,8,273780,951360
AMICS CASTELLÓ,https://imagenes.feb.es/Foto.aspx?c=1890908,Alvaro Martinez Clariana,13,1890908,951360
AMICS CASTELLÓ,https://imagenes.feb.es/Foto.aspx?c=1763780,Javier Menendez Garcia,12,1763780,951360
AMICS CASTELLÓ,https://imagenes.feb.es/Foto.aspx?c=2525198,Charles Alexander Minlend Jr,14,2525198,951360
AMICS CASTELLÓ,https://imagenes.feb.es/Foto.aspx?c=2640663,Abdoulaye Tanor Ngom,-,2640663,951360
AMICS CASTELLÓ,https://imagenes.feb.es/Foto.aspx?c=2022132,Viny Pierrot Marcel Okouo,97,2022132,951360
AMICS CASTELLÓ,https://imagenes.feb.es/Foto.aspx?c=1769425,Andres Roig Barbera,17,1769425,951360
AMICS CASTELLÓ,https://imagenes.feb.es/Foto.aspx?c=2325314,Frederic George Stutz,42,2325314,951360
AMICS CASTELLÓ,https://imagenes.feb.es/Foto.aspx?c=2735189,Jalen Jamal Tate,11,2735189,951360
MOVISTAR ESTUDIANTES,https://imagenes.feb.es/Foto.aspx?c=2493108,Héctor Alderete Díaz,33,2493108,951466
MOVISTAR ESTUDIANTES,https://imagenes.feb.es/Foto.aspx?c=1446122,Francisco Fernando Alonso Martínez,10,1446122,951466
MOVISTAR ESTUDIANTES,https://imagenes.feb.es/Foto.aspx?c=2524744,Mihajlo Andric,3,2524744,951466
MOVISTAR ESTUDIANTES,https://imagenes.feb.es/Foto.aspx?c=2376806,Serigne M M Sy Dit Diamil Barro,34,2376806,951466
MOVISTAR ESTUDIANTES,https://imagenes.feb.es/Foto.aspx?c=1251001,Cristian Diaz Rodriguez,14,1251001,951466
MOVISTAR ESTUDIANTES,https://imagenes.feb.es/Foto.aspx?c=2275135,Patricio Garino Gullotta,29,2275135,951466
MOVISTAR ESTUDIANTES,https://imagenes.feb.es/Foto.aspx?c=2734234,Jayson Granger,11,2734234,951466
MOVISTAR ESTUDIANTES,https://imagenes.feb.es/Foto.aspx?c=2371461,Dejan Kravic,1,2371461,951466
MOVISTAR ESTUDIANTES,https://imagenes.feb.es/Foto.aspx?c=2680850,Joaquín Nazar Rodríguez Olivera,-,2680850,951466
MOVISTAR ESTUDIANTES,https://imagenes.feb.es/Foto.aspx?c=1438620,Juan Rubio Niñirola,7,1438620,951466
MOVISTAR ESTUDIANTES,https://imagenes.feb.es/Foto.aspx?c=2648545,Devin Lawrence Schmidt,8,2648545,951466
MOVISTAR ESTUDIANTES,https://imagenes.feb.es/Foto.aspx?c=1875914,Adams Sola Iddrisu,5,1875914,951466
ALIMERKA OVIEDO BALONCESTO,https://imagenes.feb.es/Foto.aspx?c=1662155,Robert Cosialls Borras,41,1662155,951497
ALIMERKA OVIEDO BALONCESTO,https://imagenes.feb.es/Foto.aspx?c=2653521,Dan Duscak,7,2653521,951497
ALIMERKA OVIEDO BALONCESTO,https://imagenes.feb.es/Foto.aspx?c=1976940,Lucas Langarita Hernandez,-,1976940,951497
ALIMERKA OVIEDO BALONCESTO,https://imagenes.feb.es/Foto.aspx?c=1978545,Raul Lobaco Muñoz,55,1978545,951497
ALIMERKA OVIEDO BALONCESTO,https://imagenes.feb.es/Foto.aspx?c=2032354,Hugo Lopez Barrantes,8,2032354,951497
ALIMERKA OVIEDO BALONCESTO,https://imagenes.feb.es/Foto.aspx?c=1941607,Marc Marti Roig,17,1941607,951497
ALIMERKA OVIEDO BALONCESTO,https://imagenes.feb.es/Foto.aspx?c=2776312,Loic Cyrille Menuge,-,2776312,951497
ALIMERKA OVIEDO BALONCESTO,https://imagenes.feb.es/Foto.aspx?c=2763262,Ikechukwu Mykal Nweke,-,2763262,951497
ALIMERKA OVIEDO BALONCESTO,https://imagenes.feb.es/Foto.aspx?c=2643351,Francisco Jose Ribau Amarante,6,2643351,951497
ALIMERKA OVIEDO BALONCESTO,https://imagenes.feb.es/Foto.aspx?c=2026085,Mikel Sanz Zarandona,14,2026085,951497
ALIMERKA OVIEDO BALONCESTO,https://imagenes.feb.es/Foto.aspx?c=2733917,Joaquin Valinotti,4,2733917,951497
ALIMERKA OVIEDO BALONCESTO,https://imagenes.feb.es/Foto.aspx?c=2795607,Steven Robert Verplancken,-,2795607,951497
SILBÖ SAN PABLO BURGOS,https://imagenes.feb.es/Foto.aspx?c=1258492,Pablo Almazan Sierra,8,1258492,951500
SILBÖ SAN PABLO BURGOS,https://imagenes.feb.es/Foto.aspx?c=1763649,Alejandro Barrera Pasan,9,1763649,951500
SILBÖ SAN PABLO BURGOS,https://imagenes.feb.es/Foto.aspx?c=2452511,Gonzalo Corbalan,10,2452511,951500
SILBÖ SAN PABLO BURGOS,https://imagenes.feb.es/Foto.aspx?c=2452677,Joseph Robert Cremo,5,2452677,951500
SILBÖ SAN PABLO BURGOS,https://imagenes.feb.es/Foto.aspx?c=2557970,Didac Cuevas Simarro,1,2557970,951500
SILBÖ SAN PABLO BURGOS,https://imagenes.feb.es/Foto.aspx?c=1425116,Daniel Diez De La Faya,11,1425116,951500
SILBÖ SAN PABLO BURGOS,https://imagenes.feb.es/Foto.aspx?c=2657736,Lucas James Fischer,40,2657736,951500
SILBÖ SAN PABLO BURGOS,https://imagenes.feb.es/Foto.aspx?c=2641413,Gyorgy Goloman,14,2641413,951500
SILBÖ SAN PABLO BURGOS,https://imagenes.feb.es/Foto.aspx?c=2644044,Jon Axel Gudmundsson,6,2644044,951500
SILBÖ SAN PABLO BURGOS,https://imagenes.feb.es/Foto.aspx?c=2217363,Miha Lapornik,31,2217363,951500
SILBÖ SAN PABLO BURGOS,https://imagenes.feb.es/Foto.aspx?c=2702840,Emmanuel Tongjo Wembi,5,2702840,951500
SÚPER AGROPAL PALENCIA,https://imagenes.feb.es/Foto.aspx?c=2092465,Tobias Carl Peter Borg,6,2092465,951848
SÚPER AGROPAL PALENCIA,https://imagenes.feb.es/Foto.aspx?c=2734948,Dimitar Dimitrov,34,2734948,951848
SÚPER AGROPAL PALENCIA,https://imagenes.feb.es/Foto.aspx?c=1382607,Jose Maria Gonzalez Calvo,15,1382607,951848
SÚPER AGROPAL PALENCIA,https://imagenes.feb.es/Foto.aspx?c=1442713,Pablo Hernandez Montenegro,21,1442713,951848
SÚPER AGROPAL PALENCIA,https://imagenes.feb.es/Foto.aspx?c=2734950,Mathieu Nkongolo Kamba,9,2734950,951848
SÚPER AGROPAL PALENCIA,https://imagenes.feb.es/Foto.aspx?c=2644146,Cameron David Krutwig,25,2644146,951848
SÚPER AGROPAL PALENCIA,https://imagenes.feb.es/Foto.aspx?c=2734949,Adam Terrence Kunkel,5,2734949,951848
SÚPER AGROPAL PALENCIA,https://imagenes.feb.es/Foto.aspx?c=1750421,Xabier Oroz Uria,7,1750421,951848
SÚPER AGROPAL PALENCIA,https://imagenes.feb.es/Foto.aspx?c=1376540,Manuel Rodriguez Barrientos,11,1376540,951848
SÚPER AGROPAL PALENCIA,https://imagenes.feb.es/Foto.aspx?c=2371568,Juan Pablo Vaulet,22,2371568,951848
SÚPER AGROPAL PALENCIA,https://imagenes.feb.es/Foto.aspx?c=2276415,Alec Martin Wintering,2,2276415,951848
UEMC REAL VALLADOLID BALONCESTO,https://imagenes.feb.es/Foto.aspx?c=1078295,Sergio De La Fuente Valdizan,22,1078295,952032
UEMC REAL VALLADOLID BALONCESTO,https://imagenes.feb.es/Foto.aspx?c=2651586,Eric James Demers,-,2651586,952032
UEMC REAL VALLADOLID BALONCESTO,https://imagenes.feb.es/Foto.aspx?c=2130102,Juan Garcia-Abril Guerrero,5,2130102,952032
UEMC REAL VALLADOLID BALONCESTO,https://imagenes.feb.es/Foto.aspx?c=2582813,Maj Kovacevic,20,2582813,952032
UEMC REAL VALLADOLID BALONCESTO,https://imagenes.feb.es/Foto.aspx?c=1710454,Daniel Manchon Crespo,11,1710454,952032
UEMC REAL VALLADOLID BALONCESTO,https://imagenes.feb.es/Foto.aspx?c=2736310,Joshua Kenneth Mballa,-,2736310,952032
UEMC REAL VALLADOLID BALONCESTO,https://imagenes.feb.es/Foto.aspx?c=2436640,Jaan Puidet,6,2436640,952032
UEMC REAL VALLADOLID BALONCESTO,https://imagenes.feb.es/Foto.aspx?c=1322135,Agusti Sans Valls,21,1322135,952032
UEMC REAL VALLADOLID BALONCESTO,https://imagenes.feb.es/Foto.aspx?c=1285873,Michael Torres Cuevas,-,1285873,952032
UEMC REAL VALLADOLID BALONCESTO,https://imagenes.feb.es/Foto.aspx?c=2735247,Vasilije Vucetic,3,2735247,952032
UEMC REAL VALLADOLID BALONCESTO,https://imagenes.feb.es/Foto.aspx?c=2735245,Shemar Wilson,7,2735245,952032
MONBUS OBRADOIRO,https://imagenes.feb.es/Foto.aspx?c=2337421,Rati Andronikashvili,-,2337421,952033
MONBUS OBRADOIRO,https://imagenes.feb.es/Foto.aspx?c=2275973,Ignacio Andres Arroyo Varela,24,2275973,952033
MONBUS OBRADOIRO,https://imagenes.feb.es/Foto.aspx?c=2787684,Ondrej Balvin,-,2787684,952033
MONBUS OBRADOIRO,https://imagenes.feb.es/Foto.aspx?c=2640794,Alexander Michael Barcello,-,2640794,952033
MONBUS OBRADOIRO,https://imagenes.feb.es/Foto.aspx?c=2027537,Vladimir Brodziansky,-,2027537,952033
MONBUS OBRADOIRO,https://imagenes.feb.es/Foto.aspx?c=2735928,Bradley James Davison,3,2735928,952033
MONBUS OBRADOIRO,https://imagenes.feb.es/Foto.aspx?c=1836771,Alejandro Galan Pozo,8,1836771,952033
MONBUS OBRADOIRO,https://imagenes.feb.es/Foto.aspx?c=1806007,Millan Jimenez Garrido,16,1806007,952033
MONBUS OBRADOIRO,https://imagenes.feb.es/Foto.aspx?c=2371490,Toms Elvis Leimanis,44,2371490,952033
MONBUS OBRADOIRO,https://imagenes.feb.es/Foto.aspx?c=2735930,Strahinja Micovic,13,2735930,952033
MONBUS OBRADOIRO,https://imagenes.feb.es/Foto.aspx?c=1253254,Alvaro Muñoz Borchers,-,1253254,952033
MONBUS OBRADOIRO,https://imagenes.feb.es/Foto.aspx?c=2220063,Sergio Quintela Salvador,25,2220063,952033
MONBUS OBRADOIRO,https://imagenes.feb.es/Foto.aspx?c=1489129,Tomeu Rigo Gual,7,1489129,952033
MONBUS OBRADOIRO,https://imagenes.feb.es/Foto.aspx?c=2701583,Oliver Stevic,41,2701583,952033
C.B. NATURAVIA MORÓN,https://imagenes.feb.es/Foto.aspx?c=2769083,Pape Abdou Badji,-,2769083,952158
C.B. NATURAVIA MORÓN,https://imagenes.feb.es/Foto.aspx?c=2042568,Antonio Burgos Caballero,-,2042568,952158
C.B. NATURAVIA MORÓN,https://imagenes.feb.es/Foto.aspx?c=2773565,Vinicius Lucio Da Silva,-,2773565,952158
C.B. NATURAVIA MORÓN,https://imagenes.feb.es/Foto.aspx?c=1825944,Rafael Garcia Salame,-,1825944,952158
C.B. NATURAVIA MORÓN,https://imagenes.feb.es/Foto.aspx?c=1447521,Jose Alberto Jiménez González,7,1447521,952158
C.B. NATURAVIA MORÓN,https://imagenes.feb.es/Foto.aspx?c=2469585,Lionel Nathan Kouadio,20,2469585,952158
C.B. NATURAVIA MORÓN,https://imagenes.feb.es/Foto.aspx?c=1356913,Javier Marin Ortega,6,1356913,952158
C.B. NATURAVIA MORÓN,https://imagenes.feb.es/Foto.aspx?c=2733682,Mathias M'madi,4,2733682,952158
C.B. NATURAVIA MORÓN,https://imagenes.feb.es/Foto.aspx?c=2481791,Andre Lazar Norris Jr,-,2481791,952158
C.B. NATURAVIA MORÓN,https://imagenes.feb.es/Foto.aspx?c=718637,Luis Maria Parejo Camacho,33,718637,952158
C.B. NATURAVIA MORÓN,https://imagenes.feb.es/Foto.aspx?c=1374871,Fabio David Santana Rosales,-,1374871,952158
C.B. NATURAVIA MORÓN,https://imagenes.feb.es/Foto.aspx?c=1997161,Ismael Tamba Villen,14,1997161,952158
AIRCARGOBOOKING OURENSE ,https://imagenes.feb.es/Foto.aspx?c=2528063,Diogo Emanuel De Sousa Anjo Brito,-,2528063,952321
AIRCARGOBOOKING OURENSE ,https://imagenes.feb.es/Foto.aspx?c=2650871,Rafael Dias Marques Lisboa Santos,30,2650871,952321
AIRCARGOBOOKING OURENSE ,https://imagenes.feb.es/Foto.aspx?c=1886852,Martín Fernandez Carballo,17,1886852,952321
AIRCARGOBOOKING OURENSE ,https://imagenes.feb.es/Foto.aspx?c=2654188,Romaro Jilorney Gill,35,2654188,952321
AIRCARGOBOOKING OURENSE ,https://imagenes.feb.es/Foto.aspx?c=2734737,Benjamin Nathaniel Krikke,23,2734737,952321
AIRCARGOBOOKING OURENSE ,https://imagenes.feb.es/Foto.aspx?c=1525747,Javier Lopez Santana,11,1525747,952321
AIRCARGOBOOKING OURENSE ,https://imagenes.feb.es/Foto.aspx?c=1869378,Unai Mendicote Rubio,3,1869378,952321
AIRCARGOBOOKING OURENSE ,https://imagenes.feb.es/Foto.aspx?c=2734740,Aanen Joel Moody,1,2734740,952321
AIRCARGOBOOKING OURENSE ,https://imagenes.feb.es/Foto.aspx?c=2533905,Marvin Ogunsipe,-,2533905,952321
AIRCARGOBOOKING OURENSE ,https://imagenes.feb.es/Foto.aspx?c=1834527,Santiago Paz Vazquez,19,1834527,952321
AIRCARGOBOOKING OURENSE ,https://imagenes.feb.es/Foto.aspx?c=1373532,Sergio Rodríguez Febles,-,1373532,952321
AIRCARGOBOOKING OURENSE ,https://imagenes.feb.es/Foto.aspx?c=841966,Samuel Rodríguez Ramos,12,841966,952321
